Epiweek,Start,End,MT_epiweek
2012-1,1/1/2012,1/7/2012,27.1656343
2012-2,1/8/2012,1/14/2012,26.12040816
2012-3,1/15/2012,1/21/2012,27.29715967
2012-4,1/22/2012,1/28/2012,26.66441839
2012-5,1/29/2012,2/4/2012,26.53456608
2012-6,2/5/2012,2/11/2012,27.4753885
2012-7,2/12/2012,2/18/2012,27.00862958
2012-8,2/19/2012,2/25/2012,27.39657908
2012-9,2/26/2012,3/3/2012,27.05634877
2012-10,3/4/2012,3/10/2012,27.27115013
2012-11,3/11/2012,3/17/2012,26.64944944
2012-12,3/18/2012,3/24/2012,27.71724182
2012-13,3/25/2012,3/31/2012,27.13918259
2012-14,4/1/2012,4/7/2012,27.3829985
2012-15,4/8/2012,4/14/2012,27.24496282
2012-16,4/15/2012,4/21/2012,27.69290594
2012-17,4/22/2012,4/28/2012,28.39637208
2012-18,4/29/2012,5/5/2012,28.11259872
2012-19,5/6/2012,5/12/2012,27.8399905
2012-20,5/13/2012,5/19/2012,28.59770725
2012-21,5/20/2012,5/26/2012,28.53762465
2012-22,5/27/2012,6/2/2012,28.14649409
2012-23,6/3/2012,6/9/2012,28.59310828
2012-24,6/10/2012,6/16/2012,29.36
2012-25,6/17/2012,6/23/2012,29.03106067
2012-26,6/24/2012,6/30/2012,28.51170605
2012-27,7/1/2012,7/7/2012,27.31609548
2012-28,7/8/2012,7/14/2012,27.59277098
2012-29,7/15/2012,7/21/2012,27.20104628
2012-30,7/22/2012,7/28/2012,28.82571429
2012-31,7/29/2012,8/4/2012,28.20857143
2012-32,8/5/2012,8/11/2012,28.43714286
2012-33,8/12/2012,8/18/2012,28.40525986
2012-34,8/19/2012,8/25/2012,27.99578932
2012-35,8/26/2012,9/1/2012,27.05751162
2012-36,9/2/2012,9/8/2012,27.83258952
2012-37,9/9/2012,9/15/2012,27.72664323
2012-38,9/16/2012,9/22/2012,28.40468515
2012-39,9/23/2012,9/29/2012,27.99734571
2012-40,9/30/2012,10/6/2012,28.29861827
2012-41,10/7/2012,10/13/2012,27.72028349
2012-42,10/14/2012,10/20/2012,27.02864355
2012-43,10/21/2012,10/27/2012,28.27123014
2012-44,10/28/2012,11/3/2012,27.49996041
2012-45,11/4/2012,11/10/2012,26.92973811
2012-46,11/11/2012,11/17/2012,27.20674365
2012-47,11/18/2012,11/24/2012,27.31349261
2012-48,11/25/2012,12/1/2012,27.31242774
2012-49,12/2/2012,12/8/2012,27.07326366
2012-50,12/9/2012,12/15/2012,26.4931139
2012-51,12/16/2012,12/22/2012,26.34907672
2012-52,12/23/2012,12/29/2012,26.6559903
2013-1,12/30/2012,1/5/2013,26.78703054
2013-2,1/6/2013,1/12/2013,27.72532662
2013-3,1/13/2013,1/19/2013,26.71598142
2013-4,1/20/2013,1/26/2013,26.75412486
2013-5,1/27/2013,2/2/2013,27.72206858
2013-6,2/3/2013,2/9/2013,26.17310553
2013-7,2/10/2013,2/16/2013,25.65226483
2013-8,2/17/2013,2/23/2013,26.8083252
2013-9,2/24/2013,3/2/2013,27.69341674
2013-10,3/3/2013,3/9/2013,27.90364284
2013-11,3/10/2013,3/16/2013,27.94786695
2013-12,3/17/2013,3/23/2013,28.44559635
2013-13,3/24/2013,3/30/2013,28.40914215
2013-14,3/31/2013,4/6/2013,28.35661576
2013-15,4/7/2013,4/13/2013,28.44268707
2013-16,4/14/2013,4/20/2013,28.68708201
2013-17,4/21/2013,4/27/2013,27.90351481
2013-18,4/28/2013,5/4/2013,28.18878188
2013-19,5/5/2013,5/11/2013,27.85896181
2013-20,5/12/2013,5/18/2013,29.05857199
2013-21,5/19/2013,5/25/2013,28.4507868
2013-22,5/26/2013,6/1/2013,27.84471289
2013-23,6/2/2013,6/8/2013,28.27889475
2013-24,6/9/2013,6/15/2013,29.45729821
2013-25,6/16/2013,6/22/2013,29.9632375
2013-26,6/23/2013,6/29/2013,29.11818796
2013-27,6/30/2013,7/6/2013,27.89791722
2013-28,7/7/2013,7/13/2013,27.90690583
2013-29,7/14/2013,7/20/2013,27.51114537
2013-30,7/21/2013,7/27/2013,28.29446337
2013-31,7/28/2013,8/3/2013,27.93726657
2013-32,8/4/2013,8/10/2013,27.70284408
2013-33,8/11/2013,8/17/2013,27.52392512
2013-34,8/18/2013,8/24/2013,28.32116398
2013-35,8/25/2013,8/31/2013,28.13266279
2013-36,9/1/2013,9/7/2013,26.586742
2013-37,9/8/2013,9/14/2013,27.37266241
2013-38,9/15/2013,9/21/2013,28.04882771
2013-39,9/22/2013,9/28/2013,28.32074398
2013-40,9/29/2013,10/5/2013,27.80277866
2013-41,10/6/2013,10/12/2013,28.02793651
2013-42,10/13/2013,10/19/2013,28.14174725
2013-43,10/20/2013,10/26/2013,27.47963326
2013-44,10/27/2013,11/2/2013,26.9432303
2013-45,11/3/2013,11/9/2013,27.39557002
2013-46,11/10/2013,11/16/2013,26.91100366
2013-47,11/17/2013,11/23/2013,27.3513956
2013-48,11/24/2013,11/30/2013,27.2670155
2013-49,12/1/2013,12/7/2013,25.89849941
2013-50,12/8/2013,12/14/2013,27.01868964
2013-51,12/15/2013,12/21/2013,26.85199069
2013-52,12/22/2013,12/28/2013,26.73437232
2014-1,12/29/2013,1/4/2014,26.93469481
2014-2,1/5/2014,1/11/2014,26.33845223
2014-3,1/12/2014,1/18/2014,26.32002784
2014-4,1/19/2014,1/25/2014,25.86610085
2014-5,1/26/2014,2/1/2014,26.17589804
2014-6,2/2/2014,2/8/2014,26.52626525
2014-7,2/9/2014,2/15/2014,27.62809651
2014-8,2/16/2014,2/22/2014,27.6463151
2014-9,2/23/2014,3/1/2014,27.41982504
2014-10,3/2/2014,3/8/2014,27.68526496
2014-11,3/9/2014,3/15/2014,28.15774752
2014-12,3/16/2014,3/22/2014,26.7384351
2014-13,3/23/2014,3/29/2014,28.38102745
2014-14,3/30/2014,4/5/2014,28.29683358
2014-15,4/6/2014,4/12/2014,27.90361193
2014-16,4/13/2014,4/19/2014,28.27300259
2014-17,4/20/2014,4/26/2014,27.97253597
2014-18,4/27/2014,5/3/2014,28.70183723
2014-19,5/4/2014,5/10/2014,28.81950584
2014-20,5/11/2014,5/17/2014,28.61843189
2014-21,5/18/2014,5/24/2014,27.68083943
2014-22,5/25/2014,5/31/2014,28.56492061
2014-23,6/1/2014,6/7/2014,28.15516408
2014-24,6/8/2014,6/14/2014,29.31034376
2014-25,6/15/2014,6/21/2014,29.79659864
2014-26,6/22/2014,6/28/2014,29.05296402
2014-27,6/29/2014,7/5/2014,28.21757104
2014-28,7/6/2014,7/12/2014,28.08053354
2014-29,7/13/2014,7/19/2014,29.14214286
2014-30,7/20/2014,7/26/2014,29.62214286
2014-31,7/27/2014,8/2/2014,28.11069111
2014-32,8/3/2014,8/9/2014,27.95214286
2014-33,8/10/2014,8/16/2014,27.15220961
2014-34,8/17/2014,8/23/2014,28.1125261
2014-35,8/24/2014,8/30/2014,26.93406885
2014-36,8/31/2014,9/6/2014,27.93412857
2014-37,9/7/2014,9/13/2014,28.34632949
2014-38,9/14/2014,9/20/2014,28.8037594
2014-39,9/21/2014,9/27/2014,28.40313325
2014-40,9/28/2014,10/4/2014,28.93638425
2014-41,10/5/2014,10/11/2014,28.83295739
2014-42,10/12/2014,10/18/2014,28.09780558
2014-43,10/19/2014,10/25/2014,28.10682848
2014-44,10/26/2014,11/1/2014,28.43479901
2014-45,11/2/2014,11/8/2014,28.14570837
2014-46,11/9/2014,11/15/2014,27.19455579
2014-47,11/16/2014,11/22/2014,26.97329784
2014-48,11/23/2014,11/29/2014,27.29002889
2014-49,11/30/2014,12/6/2014,27.52427301
2014-50,12/7/2014,12/13/2014,27.57005202
2014-51,12/14/2014,12/20/2014,26.93444783
2014-52,12/21/2014,12/27/2014,26.4100851
2014-53,12/28/2014,1/3/2015,25.91698332
2015-1,1/4/2015,1/10/2015,26.59898317
2015-2,1/11/2015,1/17/2015,27.25810887
2015-3,1/18/2015,1/24/2015,26.75172789
2015-4,1/25/2015,1/31/2015,27.0135362
2015-5,2/1/2015,2/7/2015,26.22789116
2015-6,2/8/2015,2/14/2015,26.62614987
2015-7,2/15/2015,2/21/2015,27.26063001
2015-8,2/22/2015,2/28/2015,27.58204124
2015-9,3/1/2015,3/7/2015,27.93921559
2015-10,3/8/2015,3/14/2015,27.37159118
2015-11,3/15/2015,3/21/2015,28.11633873
2015-12,3/22/2015,3/28/2015,28.31200767
2015-13,3/29/2015,4/4/2015,27.56416345
2015-14,4/5/2015,4/11/2015,28.53791773
2015-15,4/12/2015,4/18/2015,28.96631245
2015-16,4/19/2015,4/25/2015,27.94399655
2015-17,4/26/2015,5/2/2015,27.74404247
2015-18,5/3/2015,5/9/2015,28.31472341
2015-19,5/10/2015,5/16/2015,28.79540483
2015-20,5/17/2015,5/23/2015,28.53032304
2015-21,5/24/2015,5/30/2015,28.97557607
2015-22,5/31/2015,6/6/2015,28.94460338
2015-23,6/7/2015,6/13/2015,27.99233893
2015-24,6/14/2015,6/20/2015,28.24395394
2015-25,6/21/2015,6/27/2015,29.77804272
2015-26,6/28/2015,7/4/2015,29.00748299
2015-27,7/5/2015,7/11/2015,29.0991889
2015-28,7/12/2015,7/18/2015,29.0965658
2015-29,7/19/2015,7/25/2015,29.3678751
2015-30,7/26/2015,8/1/2015,28.18158812
2015-31,8/2/2015,8/8/2015,27.41618849
2015-32,8/9/2015,8/15/2015,28.17343985
2015-33,8/16/2015,8/22/2015,28.76802721
2015-34,8/23/2015,8/29/2015,28.77535456
2015-35,8/30/2015,9/5/2015,29.05651722
2015-36,9/6/2015,9/12/2015,28.34433462
2015-37,9/13/2015,9/19/2015,28.29406929
2015-38,9/20/2015,9/26/2015,28.61842753
2015-39,9/27/2015,10/3/2015,28.12753751
2015-40,10/4/2015,10/10/2015,28.30933605
2015-41,10/11/2015,10/17/2015,29.12359038
2015-42,10/18/2015,10/24/2015,29.22661708
2015-43,10/25/2015,10/31/2015,27.96930222
2015-44,11/1/2015,11/7/2015,27.93339446
2015-45,11/8/2015,11/14/2015,27.72107968
2015-46,11/15/2015,11/21/2015,27.41144655
2015-47,11/22/2015,11/28/2015,27.52596194
2015-48,11/29/2015,12/5/2015,27.57502671
2015-49,12/6/2015,12/12/2015,27.54144889
2015-50,12/13/2015,12/19/2015,27.30573048
2015-51,12/20/2015,12/26/2015,28.09602494
2015-52,12/27/2015,1/2/2016,27.48285714
2016-1,1/3/2016,1/9/2016,28.054591
2016-2,1/10/2016,1/16/2016,28.29591837
2016-3,1/17/2016,1/23/2016,27.92458095
2016-4,1/24/2016,1/30/2016,28.07354214
2016-5,1/31/2016,2/6/2016,28.09653678
2016-6,2/7/2016,2/13/2016,27.22419184
2016-7,2/14/2016,2/20/2016,27.31559905
2016-8,2/21/2016,2/27/2016,27.63040446
2016-9,2/28/2016,3/5/2016,28.32738747
2016-10,3/6/2016,3/12/2016,28.5930004
2016-11,3/13/2016,3/19/2016,28.63832218
2016-12,3/20/2016,3/26/2016,28.82331517
2016-13,3/27/2016,4/2/2016,29.32466512
2016-14,4/3/2016,4/9/2016,28.88722276
2016-15,4/10/2016,4/16/2016,29.44100018
2016-16,4/17/2016,4/23/2016,29.62043333
2016-17,4/24/2016,4/30/2016,28.69913896
2016-18,5/1/2016,5/7/2016,29.49935924
2016-19,5/8/2016,5/14/2016,29.01478785
2016-20,5/15/2016,5/21/2016,28.65350364
2016-21,5/22/2016,5/28/2016,29.26814868
2016-22,5/29/2016,6/4/2016,28.25496436
2016-23,6/5/2016,6/11/2016,28.53803734
2016-24,6/12/2016,6/18/2016,27.815646
2016-25,6/19/2016,6/25/2016,28.14557358
2016-26,6/26/2016,7/2/2016,29.72243763
2016-27,7/3/2016,7/9/2016,29.60873376
2016-28,7/10/2016,7/16/2016,28.19467591
2016-29,7/17/2016,7/23/2016,27.20779143
2016-30,7/24/2016,7/30/2016,27.67186298
2016-31,7/31/2016,8/6/2016,28.44746748
2016-32,8/7/2016,8/13/2016,29.19643799
2016-33,8/14/2016,8/20/2016,29.21603659
2016-34,8/21/2016,8/27/2016,28.83411529
2016-35,8/28/2016,9/3/2016,28.37476604
2016-36,9/4/2016,9/10/2016,28.16019504
2016-37,9/11/2016,9/17/2016,28.10132623
2016-38,9/18/2016,9/24/2016,28.51492332
2016-39,9/25/2016,10/1/2016,28.84861344
2016-40,10/2/2016,10/8/2016,28.09760503
2016-41,10/9/2016,10/15/2016,29.28150757
2016-42,10/16/2016,10/22/2016,28.66350166
2016-43,10/23/2016,10/29/2016,27.2041322
2016-44,10/30/2016,11/5/2016,27.56175032
2016-45,11/6/2016,11/12/2016,27.67407774
2016-46,11/13/2016,11/19/2016,27.03120993
2016-47,11/20/2016,11/26/2016,27.75074221
2016-48,11/27/2016,12/3/2016,27.02139175
2016-49,12/4/2016,12/10/2016,28.35148679
2016-50,12/11/2016,12/17/2016,27.93009335
2016-51,12/18/2016,12/24/2016,27.40082761
2016-52,12/25/2016,12/31/2016,26.55680516
2017-1,1/1/2017,1/7/2017,26.8332033
2017-2,1/8/2017,1/14/2017,28.33067194
2017-3,1/15/2017,1/21/2017,27.30684109
2017-4,1/22/2017,1/28/2017,25.98511848
2017-5,1/29/2017,2/4/2017,27.01040507
2017-6,2/5/2017,2/11/2017,27.32937133
2017-7,2/12/2017,2/18/2017,26.60596655
2017-8,2/19/2017,2/25/2017,26.8739359
2017-9,2/26/2017,3/4/2017,26.48428571
2017-10,3/5/2017,3/11/2017,27.22209892
2017-11,3/12/2017,3/18/2017,27.73879821
2017-12,3/19/2017,3/25/2017,27.97162487
2017-13,3/26/2017,4/1/2017,27.29255263
2017-14,4/2/2017,4/8/2017,28.03411126
2017-15,4/9/2017,4/15/2017,27.79663866
2017-16,4/16/2017,4/22/2017,27.86777519
2017-17,4/23/2017,4/29/2017,27.56860078
2017-18,4/30/2017,5/6/2017,28.46529014
2017-19,5/7/2017,5/13/2017,28.28635478
2017-20,5/14/2017,5/20/2017,29.13905748
2017-21,5/21/2017,5/27/2017,27.97889476
2017-22,5/28/2017,6/3/2017,28.64802609
2017-23,6/4/2017,6/10/2017,29.75549802
2017-24,6/11/2017,6/17/2017,28.73306231
2017-25,6/18/2017,6/24/2017,28.14202283
2017-26,6/25/2017,7/1/2017,27.75392932
2017-27,7/2/2017,7/8/2017,28.10029626
2017-28,7/9/2017,7/15/2017,27.26268735
2017-29,7/16/2017,7/22/2017,28.79205146
2017-30,7/23/2017,7/29/2017,29.24930663
2017-31,7/30/2017,8/5/2017,29.37303755
2017-32,8/6/2017,8/12/2017,27.76789614
2017-33,8/13/2017,8/19/2017,27.5251763
2017-34,8/20/2017,8/26/2017,28.54844519
2017-35,8/27/2017,9/2/2017,28.33871247
2017-36,9/3/2017,9/9/2017,28.20694422
2017-37,9/10/2017,9/16/2017,28.01314445
2017-38,9/17/2017,9/23/2017,27.6623968
2017-39,9/24/2017,9/30/2017,27.91338807
2017-40,10/1/2017,10/7/2017,27.31260951
2017-41,10/8/2017,10/14/2017,27.8936047
2017-42,10/15/2017,10/21/2017,29.8209133
2017-43,10/22/2017,10/28/2017,28.25665097
2017-44,10/29/2017,11/4/2017,27.29928338
2017-45,11/5/2017,11/11/2017,26.98346476
2017-46,11/12/2017,11/18/2017,27.46832789
2017-47,11/19/2017,11/25/2017,27.37218417
2017-48,11/26/2017,12/2/2017,27.59579417
2017-49,12/3/2017,12/9/2017,27.75395247
2017-50,12/10/2017,12/16/2017,27.01549419
2017-51,12/17/2017,12/23/2017,27.52154437
2017-52,12/24/2017,12/30/2017,27.11010577
2018-1,12/31/2017,1/6/2018,26.69122321
2018-2,1/7/2018,1/13/2018,25.14609713
2018-3,1/14/2018,1/20/2018,26.24937695
2018-4,1/21/2018,1/27/2018,27.18836049
2018-5,1/28/2018,2/3/2018,27.31312695
2018-6,2/4/2018,2/10/2018,26.62231522
2018-7,2/11/2018,2/17/2018,27.32605042
2018-8,2/18/2018,2/24/2018,27.44789916
2018-9,2/25/2018,3/3/2018,27.65029808
2018-10,3/4/2018,3/10/2018,27.64868584
2018-11,3/11/2018,3/17/2018,28.25588235
2018-12,3/18/2018,3/24/2018,28.4658828
2018-13,3/25/2018,3/31/2018,26.85495659
2018-14,4/1/2018,4/7/2018,28.21337731
2018-15,4/8/2018,4/14/2018,28.8092437
2018-16,4/15/2018,4/21/2018,27.4948214
2018-17,4/22/2018,4/28/2018,28.10969399
2018-18,4/29/2018,5/5/2018,28.3636963
2018-19,5/6/2018,5/12/2018,29.66670567
2018-20,5/13/2018,5/19/2018,28.11797955
2018-21,5/20/2018,5/26/2018,28.12595881
2018-22,5/27/2018,6/2/2018,27.62531231
2018-23,6/3/2018,6/9/2018,29.57203725
2018-24,6/10/2018,6/16/2018,29.02824074
2018-25,6/17/2018,6/23/2018,27.87449486
2018-26,6/24/2018,6/30/2018,26.69992133
2018-27,7/1/2018,7/7/2018,27.95479895
2018-28,7/8/2018,7/14/2018,28.37935069
2018-29,7/15/2018,7/21/2018,28.54362484
2018-30,7/22/2018,7/28/2018,28.92425399
2018-31,7/29/2018,8/4/2018,27.8814127
2018-32,8/5/2018,8/11/2018,28.39159664
2018-33,8/12/2018,8/18/2018,29.24711726
2018-34,8/19/2018,8/25/2018,28.37607297
2018-35,8/26/2018,9/1/2018,28.33421101
2018-36,9/2/2018,9/8/2018,27.04981116
2018-37,9/9/2018,9/15/2018,27.93754139
2018-38,9/16/2018,9/22/2018,27.35144753
2018-39,9/23/2018,9/29/2018,29.14884369
2018-40,9/30/2018,10/6/2018,29.39460381
2018-41,10/7/2018,10/13/2018,26.67741301
2018-42,10/14/2018,10/20/2018,27.52196394
2018-43,10/21/2018,10/27/2018,27.95814634
2018-44,10/28/2018,11/3/2018,27.14520545
2018-45,11/4/2018,11/10/2018,27.44378105
2018-46,11/11/2018,11/17/2018,27.22503138
2018-47,11/18/2018,11/24/2018,27.27194378
2018-48,11/25/2018,12/1/2018,27.59117486
2018-49,12/2/2018,12/8/2018,27.14120298
2018-50,12/9/2018,12/15/2018,26.96018251
2018-51,12/16/2018,12/22/2018,27.77590667
2018-52,12/23/2018,12/29/2018,28.36225848
2019-1,12/30/2018,1/5/2019,28.46842956
2019-2,1/6/2019,1/12/2019,28.40600585
2019-3,1/13/2019,1/19/2019,27.43918275
2019-4,1/20/2019,1/26/2019,27.73011204
2019-5,1/27/2019,2/2/2019,27.85336134
2019-6,2/3/2019,2/9/2019,28.20078429
2019-7,2/10/2019,2/16/2019,28.36204275
2019-8,2/17/2019,2/23/2019,27.85991376
2019-9,2/24/2019,3/2/2019,28.37357895
2019-10,3/3/2019,3/9/2019,28.63479969
2019-11,3/10/2019,3/16/2019,28.57415966
2019-12,3/17/2019,3/23/2019,28.80210901
2019-13,3/24/2019,3/30/2019,28.70002109
2019-14,3/31/2019,4/6/2019,28.15487554
2019-15,4/7/2019,4/13/2019,28.79948457
2019-16,4/14/2019,4/20/2019,29.37120062
2019-17,4/21/2019,4/27/2019,28.15127158
2019-18,4/28/2019,5/4/2019,29.14036875
2019-19,5/5/2019,5/11/2019,29.12558015
2019-20,5/12/2019,5/18/2019,28.79804197
2019-21,5/19/2019,5/25/2019,28.73444151
2019-22,5/26/2019,6/1/2019,29.06107596
2019-23,6/2/2019,6/8/2019,27.63753698
2019-24,6/9/2019,6/15/2019,28.63688291
2019-25,6/16/2019,6/22/2019,28.03642195
2019-26,6/23/2019,6/29/2019,28.9316429
2019-27,6/30/2019,7/6/2019,29.16059254
2019-28,7/7/2019,7/13/2019,28.69908387
2019-29,7/14/2019,7/20/2019,28.83536546
2019-30,7/21/2019,7/27/2019,28.42429156
2019-31,7/28/2019,8/3/2019,29.2737395
2019-32,8/4/2019,8/10/2019,28.90285774
2019-33,8/11/2019,8/17/2019,29.36058723
2019-34,8/18/2019,8/24/2019,29.3897479
2019-35,8/25/2019,8/31/2019,28.05462476
2019-36,9/1/2019,9/7/2019,29.21713911
2019-37,9/8/2019,9/14/2019,29.0837535
2019-38,9/15/2019,9/21/2019,28.99432799
2019-39,9/22/2019,9/28/2019,28.41358795
2019-40,9/29/2019,10/5/2019,27.35994285
2019-41,10/6/2019,10/12/2019,27.81807821
2019-42,10/13/2019,10/19/2019,28.36946017
2019-43,10/20/2019,10/26/2019,27.69898176
2019-44,10/27/2019,11/2/2019,27.9780328
2019-45,11/3/2019,11/9/2019,28.57639202
2019-46,11/10/2019,11/16/2019,28.13491255
2019-47,11/17/2019,11/23/2019,27.26012531
2019-48,11/24/2019,11/30/2019,27.39865738
2019-49,12/1/2019,12/7/2019,27.59828816
2019-50,12/8/2019,12/14/2019,25.34379497
2019-51,12/15/2019,12/21/2019,26.09042228
2019-52,12/22/2019,12/28/2019,27.31240608
2020-1,12/29/2019,1/4/2020,27.7014072
2020-2,1/5/2020,1/11/2020,27.38952381
2020-3,1/12/2020,1/18/2020,27.74537815
2020-4,1/19/2020,1/25/2020,27.8388333
2020-5,1/26/2020,2/1/2020,27.83125002
2020-6,2/2/2020,2/8/2020,27.82144559
2020-7,2/9/2020,2/15/2020,27.42478078
2020-8,2/16/2020,2/22/2020,27.76864233
2020-9,2/23/2020,2/29/2020,28.10992048
2020-10,3/1/2020,3/7/2020,28.21352796
2020-11,3/8/2020,3/14/2020,28.86581303
2020-12,3/15/2020,3/21/2020,28.57050099
2020-13,3/22/2020,3/28/2020,28.26428831
2020-14,3/29/2020,4/4/2020,29.02310462
2020-15,4/5/2020,4/11/2020,28.36828261
2020-16,4/12/2020,4/18/2020,29.26150893
2020-17,4/19/2020,4/25/2020,28.97268092
2020-18,4/26/2020,5/2/2020,27.88768438
2020-19,5/3/2020,5/9/2020,29.00244711
2020-20,5/10/2020,5/16/2020,29.28193623
2020-21,5/17/2020,5/23/2020,28.80092475
2020-22,5/24/2020,5/30/2020,28.83081123
2020-23,5/31/2020,6/6/2020,28.10476454
2020-24,6/7/2020,6/13/2020,28.50395735
2020-25,6/14/2020,6/20/2020,27.69486019
2020-26,6/21/2020,6/27/2020,27.57225824
2020-27,6/28/2020,7/4/2020,29.02000162
2020-28,7/5/2020,7/11/2020,27.39946517
2020-29,7/12/2020,7/18/2020,27.65099498
2020-30,7/19/2020,7/25/2020,28.06770907
2020-31,7/26/2020,8/1/2020,27.54959534
2020-32,8/2/2020,8/8/2020,29.00858193
2020-33,8/9/2020,8/15/2020,28.47203354
2020-34,8/16/2020,8/22/2020,27.88902473
2020-35,8/23/2020,8/29/2020,27.48219379
2020-36,8/30/2020,9/5/2020,27.78260646
2020-37,9/6/2020,9/12/2020,27.41397392
2020-38,9/13/2020,9/19/2020,27.15113058
2020-39,9/20/2020,9/26/2020,27.71092358
2020-40,9/27/2020,10/3/2020,27.47359126
2020-41,10/4/2020,10/10/2020,28.17777005
2020-42,10/11/2020,10/17/2020,28.75303278
2020-43,10/18/2020,10/24/2020,28.25905813
2020-44,10/25/2020,10/31/2020,28.24014573
2020-45,11/1/2020,11/7/2020,27.23899146
2020-46,11/8/2020,11/14/2020,27.92315121
2020-47,11/15/2020,11/21/2020,27.34987101
2020-48,11/22/2020,11/28/2020,26.28922002
2020-49,11/29/2020,12/5/2020,27.46028521
2020-50,12/6/2020,12/12/2020,27.57103418
2020-51,12/13/2020,12/19/2020,26.31160096
2020-52,12/20/2020,12/26/2020,27.38811027
2020-53,12/27/2020,1/2/2021,27.04855979
2021-1,1/3/2021,1/9/2021,25.49458472
2021-2,1/10/2021,1/16/2021,25.66149411
2021-3,1/17/2021,1/23/2021,26.38646362
2021-4,1/24/2021,1/30/2021,26.82505528
2021-5,1/31/2021,2/6/2021,27.0952381
2021-6,2/7/2021,2/13/2021,27.43650794
2021-7,2/14/2021,2/20/2021,26.92698413
2021-8,2/21/2021,2/27/2021,27.42706362
2021-9,2/28/2021,3/6/2021,28.4350269
2021-10,3/7/2021,3/13/2021,27.31398356
2021-11,3/14/2021,3/20/2021,27.63958627
2021-12,3/21/2021,3/27/2021,27.24805211
2021-13,3/28/2021,4/3/2021,28.34172983
2021-14,4/4/2021,4/10/2021,28.01574735
2021-15,4/11/2021,4/17/2021,27.8957986
2021-16,4/18/2021,4/24/2021,27.73814637
2021-17,4/25/2021,5/1/2021,28.20676552
2021-18,5/2/2021,5/8/2021,28.2977866
2021-19,5/9/2021,5/15/2021,28.59378537
2021-20,5/16/2021,5/22/2021,28.01799303
2021-21,5/23/2021,5/29/2021,29.34786125
2021-22,5/30/2021,6/5/2021,29.29953104
2021-23,6/6/2021,6/12/2021,29.07415833
2021-24,6/13/2021,6/19/2021,27.94260381
2021-25,6/20/2021,6/26/2021,28.20082487
2021-26,6/27/2021,7/3/2021,28.31176472
2021-27,7/4/2021,7/10/2021,27.74222286
2021-28,7/11/2021,7/17/2021,27.40297199
2021-29,7/18/2021,7/24/2021,29.31031746
2021-30,7/25/2021,7/31/2021,29.57668062
2021-31,8/1/2021,8/7/2021,28.3243697
2021-32,8/8/2021,8/14/2021,28.22560661
2021-33,8/15/2021,8/21/2021,26.80778118
2021-34,8/22/2021,8/28/2021,27.06916311
2021-35,8/29/2021,9/4/2021,27.06450208
2021-36,9/5/2021,9/11/2021,28.09446755
2021-37,9/12/2021,9/18/2021,28.50135079
2021-38,9/19/2021,9/25/2021,28.30041094
2021-39,9/26/2021,10/2/2021,27.15935265
2021-40,10/3/2021,10/9/2021,29.08637007
2021-41,10/10/2021,10/16/2021,29.50769989
2021-42,10/17/2021,10/23/2021,27.49167831
2021-43,10/24/2021,10/30/2021,28.33112359
2021-44,10/31/2021,11/6/2021,26.95012688
2021-45,11/7/2021,11/13/2021,27.0979938
2021-46,11/14/2021,11/20/2021,27.89863577
2021-47,11/21/2021,11/27/2021,27.46707046
2021-48,11/28/2021,12/4/2021,28.30397872
2021-49,12/5/2021,12/11/2021,27.59690816
2021-50,12/12/2021,12/18/2021,27.53187922
2021-51,12/19/2021,12/25/2021,27.57105642
2021-52,12/26/2021,1/1/2022,27.38611852
2022-1,1/2/2022,1/8/2022,26.70675421
2022-2,1/9/2022,1/15/2022,27.65146551
2022-3,1/16/2022,1/22/2022,27.46506175
2022-4,1/23/2022,1/29/2022,27.92283472
2022-5,1/30/2022,2/5/2022,27.96638829
2022-6,2/6/2022,2/12/2022,25.95210591
2022-7,2/13/2022,2/19/2022,27.62154269
2022-8,2/20/2022,2/26/2022,27.17694458
2022-9,2/27/2022,3/5/2022,27.22570956
2022-10,3/6/2022,3/12/2022,27.59820106
2022-11,3/13/2022,3/19/2022,28.13321716
2022-12,3/20/2022,3/26/2022,28.42575763
2022-13,3/27/2022,4/2/2022,28.41338018
2022-14,4/3/2022,4/9/2022,27.42931261
2022-15,4/10/2022,4/16/2022,28.02366278
2022-16,4/17/2022,4/23/2022,27.75354549
2022-17,4/24/2022,4/30/2022,28.45568783
2022-18,5/1/2022,5/7/2022,28.58091021
2022-19,5/8/2022,5/14/2022,29.27411613
2022-20,5/15/2022,5/21/2022,28.65873179
2022-21,5/22/2022,5/28/2022,29.03764979
2022-22,5/29/2022,6/4/2022,29.1249097
2022-23,6/5/2022,6/11/2022,27.81291212
2022-24,6/12/2022,6/18/2022,27.57922249
2022-25,6/19/2022,6/25/2022,27.21882486
2022-26,6/26/2022,7/2/2022,28.41307392
2022-27,7/3/2022,7/9/2022,28.74214951
2022-28,7/10/2022,7/16/2022,28.64859196
2022-29,7/17/2022,7/23/2022,28.68877268
2022-30,7/24/2022,7/30/2022,27.79598103
2022-31,7/31/2022,8/6/2022,27.54552486
2022-32,8/7/2022,8/13/2022,29.07662398
2022-33,8/14/2022,8/20/2022,28.27375266
2022-34,8/21/2022,8/27/2022,26.97390394
2022-35,8/28/2022,9/3/2022,27.52056374
2022-36,9/4/2022,9/10/2022,27.55826259
2022-37,9/11/2022,9/17/2022,27.73671276
2022-38,9/18/2022,9/24/2022,27.43907993
2022-39,9/25/2022,10/1/2022,27.83423969
2022-40,10/2/2022,10/8/2022,26.48504705
2022-41,10/9/2022,10/15/2022,27.71785507
2022-42,10/16/2022,10/22/2022,27.80130114
2022-43,10/23/2022,10/29/2022,27.23554976
2022-44,10/30/2022,11/5/2022,27.34273111
2022-45,11/6/2022,11/12/2022,26.48547532
2022-46,11/13/2022,11/19/2022,27.21880123
2022-47,11/20/2022,11/26/2022,28.09450552
2022-48,11/27/2022,12/3/2022,26.62069293
2022-49,12/4/2022,12/10/2022,26.7095376
2022-50,12/11/2022,12/17/2022,26.1298193
2022-51,12/18/2022,12/24/2022,26.41868391
2022-52,12/25/2022,12/31/2022,26.82996723
2023-1,1/1/2023,1/7/2023,27.13048827
2023-2,1/8/2023,1/14/2023,27.32177481
2023-3,1/15/2023,1/21/2023,27.0296517
2023-4,1/22/2023,1/28/2023,24.95754769
2023-5,1/29/2023,2/4/2023,25.52639559
2023-6,2/5/2023,2/11/2023,26.88839756
2023-7,2/12/2023,2/18/2023,26.6216665
2023-8,2/19/2023,2/25/2023,27.33631194
2023-9,2/26/2023,3/4/2023,25.04333198
2023-10,3/5/2023,3/11/2023,26.57670899
2023-11,3/12/2023,3/18/2023,27.29313311
2023-12,3/19/2023,3/25/2023,27.35674027
2023-13,3/26/2023,4/1/2023,27.29381638
2023-14,4/2/2023,4/8/2023,27.57650261
2023-15,4/9/2023,4/15/2023,28.60689829
2023-16,4/16/2023,4/22/2023,28.54887798
2023-17,4/23/2023,4/29/2023,28.52136717
2023-18,4/30/2023,5/6/2023,28.74470872
2023-19,5/7/2023,5/13/2023,29.95810444
2023-20,5/14/2023,5/20/2023,28.74946564
2023-21,5/21/2023,5/27/2023,28.8799066
2023-22,5/28/2023,6/3/2023,29.15499731
2023-23,6/4/2023,6/10/2023,28.79372602
2023-24,6/11/2023,6/17/2023,28.94996995
2023-25,6/18/2023,6/24/2023,29.05710423
2023-26,6/25/2023,7/1/2023,28.1541217
2023-27,7/2/2023,7/8/2023,28.41631328
2023-28,7/9/2023,7/15/2023,27.48396651
2023-29,7/16/2023,7/22/2023,28.12264109
2023-30,7/23/2023,7/29/2023,29.39642856
2023-31,7/30/2023,8/5/2023,28.85341092
2023-32,8/6/2023,8/12/2023,29.2056583
2023-33,8/13/2023,8/19/2023,27.6238738
2023-34,8/20/2023,8/26/2023,28.32693114
2023-35,8/27/2023,9/2/2023,28.79201402
2023-36,9/3/2023,9/9/2023,28.48195913
2023-37,9/10/2023,9/16/2023,28.91500733
2023-38,9/17/2023,9/23/2023,28.10111025
2023-39,9/24/2023,9/30/2023,28.61893997
2023-40,10/1/2023,10/7/2023,29.19472403
2023-41,10/8/2023,10/14/2023,29.49899222
2023-42,10/15/2023,10/21/2023,28.76958746
2023-43,10/22/2023,10/28/2023,28.02751066
2023-44,10/29/2023,11/4/2023,28.42865758
2023-45,11/5/2023,11/11/2023,28.14429272
2023-46,11/12/2023,11/18/2023,27.76209365
2023-47,11/19/2023,11/25/2023,27.38097477
2023-48,11/26/2023,12/2/2023,27.04827052
2023-49,12/3/2023,12/9/2023,27.06169968
2023-50,12/10/2023,12/16/2023,27.33719946
2023-51,12/17/2023,12/23/2023,27.29940605
2023-52,12/24/2023,12/30/2023,26.91198966
2024-1,12/31/2023,1/6/2024,26.69693775
2024-2,1/7/2024,1/13/2024,26.24634844
2024-3,1/14/2024,1/20/2024,26.82969496
2024-4,1/21/2024,1/27/2024,27.18709482
2024-5,1/28/2024,2/3/2024,27.89421785
2024-6,2/4/2024,2/10/2024,28.13464694
2024-7,2/11/2024,2/17/2024,27.43067803
2024-8,2/18/2024,2/24/2024,28.38419505
2024-9,2/25/2024,3/2/2024,28.58247035
2024-10,3/3/2024,3/9/2024,27.43294431
2024-11,3/10/2024,3/16/2024,28.71687577
2024-12,3/17/2024,3/23/2024,29.10464061
2024-13,3/24/2024,3/30/2024,29.7655582
2024-14,3/31/2024,4/6/2024,29.51735829
2024-15,4/7/2024,4/13/2024,28.63590308
2024-16,4/14/2024,4/20/2024,28.56290806
2024-17,4/21/2024,4/27/2024,29.66720338
2024-18,4/28/2024,5/4/2024,29.20630352
2024-19,5/5/2024,5/11/2024,29.30269596
2024-20,5/12/2024,5/18/2024,28.67065336
2024-21,5/19/2024,5/25/2024,28.4687857
2024-22,5/26/2024,6/1/2024,29.43105819
2024-23,6/2/2024,6/8/2024,28.668397
2024-24,6/9/2024,6/15/2024,28.91477263
2024-25,6/16/2024,6/22/2024,28.05556431
2024-26,6/23/2024,6/29/2024,28.84964249
2024-27,6/30/2024,7/6/2024,28.30502244
2024-28,7/7/2024,7/13/2024,28.0491107
2024-29,7/14/2024,7/20/2024,29.45561411
2024-30,7/21/2024,7/27/2024,29.88223944
2024-31,7/28/2024,8/3/2024,29.4231732
2024-32,8/4/2024,8/10/2024,28.38510087
2024-33,8/11/2024,8/17/2024,28.53425955
2024-34,8/18/2024,8/24/2024,28.43398823
2024-35,8/25/2024,8/31/2024,28.51990514
2024-36,9/1/2024,9/7/2024,29.18949357
2024-37,9/8/2024,9/14/2024,28.37086123
2024-38,9/15/2024,9/21/2024,28.80896765
2024-39,9/22/2024,9/28/2024,28.23942375
2024-40,9/29/2024,10/5/2024,28.18126071
2024-41,10/6/2024,10/12/2024,27.95680495
2024-42,10/13/2024,10/19/2024,27.55081656
2024-43,10/20/2024,10/26/2024,29.21873383
2024-44,10/27/2024,11/2/2024,29.38563128
2024-45,11/3/2024,11/9/2024,27.86115181
2024-46,11/10/2024,11/16/2024,27.45510614
2024-47,11/17/2024,11/23/2024,26.7017581
2024-48,11/24/2024,11/30/2024,26.66158079
2024-49,12/1/2024,12/7/2024,28.60768807
2024-50,12/8/2024,12/14/2024,27.80219123
2024-51,12/15/2024,12/21/2024,27.46428397
2024-52,12/22/2024,12/28/2024,27.40068209
